{
    "attribute1": 0,
    "data": [
        [
            0.28001214234499067,
            -0.2501039568680428,
            0.5001640398863855,
            0.10000779133801826,
            220.941112592131
        ],
        [
            0.18,
            -0.26619647958626363,
            -0.043788331210090736,
            0.1585,
            353
        ],
        [
            0.45,
            -0.25562554779336233,
            0.23366936239637076,
            0.048500000000000015,
            297
        ]
    ],
    "name": "undefied"
}
